feature_name,segment,funded_loan_count,loss_loan_count,positive_loss_loan_count,observed_loss_rate,portfolio_loan_share,total_recorded_loss_amount,total_positive_loss_amount,portfolio_positive_loss_share,average_loss_per_funded_loan,average_positive_loss_severity,median_positive_loss_severity,maximum_positive_loss_amount,portfolio_loss_rate,loss_rate_difference_pp,is_material_segment,risk_band
feat_001,IND_210,3,3,3,1.0,0.0003,36601.40,36601.40,0.0005311834785942309,12200.466666666667,12200.466666666667,14779.14,14779.14,0.2119,78.81,false,Insufficient sample
feat_001,IND_076,3,3,3,1.0,0.0003,13399.44,13399.44,0.0001944614454751644,4466.48,4466.48,3134.72,7130.00,0.2119,78.81,false,Insufficient sample
feat_001,IND_123,2,2,2,1.0,0.0002,24748.70,24748.70,0.00035916933660147,12374.35,12374.35,12374.35,12374.35,0.2119,78.81,false,Insufficient sample
feat_001,IND_093,2,2,2,1.0,0.0002,115664.54,115664.54,0.0016785995264443864,57832.27,57832.27,57832.27,57832.27,0.2119,78.81,false,Insufficient sample
feat_001,IND_203,2,2,2,1.0,0.0002,87135.34,87135.34,0.0012645650988675579,43567.67,43567.67,43567.67,43567.67,0.2119,78.81,false,Insufficient sample
feat_001,IND_070,2,2,2,1.0,0.0002,51970.80,51970.80,0.0007542342732607238,25985.4,25985.4,25985.40,25985.40,0.2119,78.81,false,Insufficient sample
feat_001,IND_086,2,2,2,1.0,0.0002,320145.28,320145.28,0.004646157892482913,160072.64,160072.64,160072.64,160072.64,0.2119,78.81,false,Insufficient sample
feat_001,IND_056,2,2,0,1.0,0.0002,0.00,0.00,0.0,0.0,,,,0.2119,78.81,false,Insufficient sample
feat_001,IND_168,2,2,2,1.0,0.0002,15008.48,15008.48,0.00021781288734343339,7504.24,7504.24,7504.24,7504.24,0.2119,78.81,false,Insufficient sample
feat_001,IND_036,2,2,2,1.0,0.0002,60352.00,60352.00,0.0008758677345707821,30176.0,30176.0,30176.00,30176.00,0.2119,78.81,false,Insufficient sample
feat_001,IND_190,2,2,2,1.0,0.0002,35764.56,35764.56,0.0005190387086612011,17882.28,17882.28,17882.28,17882.28,0.2119,78.81,false,Insufficient sample
feat_001,IND_075,1,1,1,1.0,0.0001,16962.50,16962.50,0.0002461709048193414,16962.5,16962.5,16962.50,16962.50,0.2119,78.81,false,Insufficient sample
feat_001,IND_091,1,1,1,1.0,0.0001,79978.42,79978.42,0.001160699190415405,79978.42,79978.42,79978.42,79978.42,0.2119,78.81,false,Insufficient sample
feat_001,IND_073,1,1,1,1.0,0.0001,46765.33,46765.33,0.0006786890847619803,46765.33,46765.33,46765.33,46765.33,0.2119,78.81,false,Insufficient sample
feat_001,IND_134,1,1,1,1.0,0.0001,19056.57,19056.57,0.00027656141958161336,19056.57,19056.57,19056.57,19056.57,0.2119,78.81,false,Insufficient sample
feat_001,IND_172,1,1,1,1.0,0.0001,64778.65,64778.65,0.0009401101773603791,64778.65,64778.65,64778.65,64778.65,0.2119,78.81,false,Insufficient sample
feat_001,IND_174,1,1,1,1.0,0.0001,21014.24,21014.24,0.0003049724082470625,21014.24,21014.24,21014.24,21014.24,0.2119,78.81,false,Insufficient sample
feat_001,IND_113,7,6,6,0.8571428571428571,0.0007,250961.39,250961.39,0.0036421159882693956,35851.62714285714,41826.89833333333,32654.49,69087.86,0.2119,64.52428571428571,false,Insufficient sample
feat_001,IND_049,5,4,4,0.8,0.0005,129943.49,129943.49,0.001885824996827298,25988.698,32485.8725,30820.35,48401.66,0.2119,58.81000000000001,false,Insufficient sample
feat_001,IND_017,4,3,3,0.75,0.0004,29977.57,29977.57,0.00043505412121946316,7494.3925,9992.523333333333,1957.63,26062.31,0.2119,53.81,false,Insufficient sample
feat_001,IND_227,3,2,2,0.6666666666666666,0.0003,37279.35,37279.35,0.0005410223328269367,12426.45,18639.675,18639.67,26476.86,0.2119,45.47666666666667,false,Insufficient sample
feat_001,IND_228,3,2,2,0.6666666666666666,0.0003,52597.08,52597.08,0.0007633232586266933,17532.36,26298.54,26298.54,49341.18,0.2119,45.47666666666667,false,Insufficient sample
feat_001,IND_011,3,2,2,0.6666666666666666,0.0003,45006.92,45006.92,0.0006531698876658342,15002.306666666667,22503.46,22503.46,22503.46,0.2119,45.47666666666667,false,Insufficient sample
feat_001,IND_164,13,8,8,0.6153846153846154,0.0013,172922.32,172922.32,0.002509561914685907,13301.716923076923,21615.29,26578.52,35448.43,0.2119,40.34846153846154,false,Insufficient sample
feat_001,IND_010,10,6,6,0.6,0.001,108200.82,108200.82,0.0015702811355398493,10820.082,18033.47,18285.31,31894.78,0.2119,38.81,false,Insufficient sample
feat_001,IND_122,7,4,4,0.5714285714285714,0.0007,106480.84,106480.84,0.0015453196597626246,15211.548571428571,26620.21,22540.88,49294.59,0.2119,35.95285714285714,false,Insufficient sample
feat_001,IND_068,19,10,10,0.5263157894736842,0.0019,274979.51,275218.58,0.003994152209974609,14472.605789473684,27521.858,27323.79,55492.03,0.2119,31.44157894736842,false,Insufficient sample
feat_001,IND_131,12,6,6,0.5,0.0012,110702.92,110702.92,0.0016065932487866273,9225.243333333334,18450.486666666668,17818.19,30536.81,0.2119,28.810000000000002,false,Insufficient sample
feat_001,IND_114,10,5,5,0.5,0.001,77404.92,77404.92,0.0011233508736252754,7740.492,15480.984,11586.96,32788.74,0.2119,28.810000000000002,false,Insufficient sample
feat_001,IND_225,8,4,5,0.5,0.0008,133394.71,133394.71,0.0019359113608733174,16674.33875,26678.942,26890.83,49730.49,0.2119,28.810000000000002,false,Insufficient sample
feat_001,IND_088,4,2,2,0.5,0.0004,62633.12,63042.08,0.0009149079366421993,15658.28,31521.04,31521.04,31521.04,0.2119,28.810000000000002,false,Insufficient sample
feat_001,IND_142,2,1,1,0.5,0.0002,16560.00,16560.00,0.00024032956131515363,8280.0,16560.0,16560.00,16560.00,0.2119,28.810000000000002,false,Insufficient sample
feat_001,IND_188,2,1,1,0.5,0.0002,43152.43,43152.43,0.0006262563147091108,21576.215,43152.43,43152.43,43152.43,0.2119,28.810000000000002,false,Insufficient sample
feat_001,IND_215,2,1,1,0.5,0.0002,19814.87,19814.87,0.0002875663656169564,9907.435,19814.87,19814.87,19814.87,0.2119,28.810000000000002,false,Insufficient sample
feat_001,IND_079,2,1,1,0.5,0.0002,6286.67,6286.67,9.12362707266387e-05,3143.335,6286.67,6286.67,6286.67,0.2119,28.810000000000002,false,Insufficient sample
feat_001,IND_169,2,1,1,0.5,0.0002,6091.38,6091.38,8.84020943963708e-05,3045.69,6091.38,6091.38,6091.38,0.2119,28.810000000000002,false,Insufficient sample
feat_001,IND_145,60,24,24,0.4,0.006,778936.75,778936.77,0.011304440351832291,12982.279166666667,32455.69875,27960.03,90060.24,0.2119,18.810000000000002,false,Insufficient sample
feat_001,IND_141,10,4,4,0.4,0.001,84931.83,85980.36,0.0012478032729781995,8493.183,21495.09,18351.09,30927.09,0.2119,18.810000000000002,false,Insufficient sample
feat_001,IND_222,16,6,8,0.375,0.0016,360108.90,360108.90,0.005226136108857641,22506.80625,45013.6125,39299.99,102524.80,0.2119,16.31,false,Insufficient sample
feat_001,IND_130,11,4,4,0.36363636363636365,0.0011,82397.99,82397.99,0.0011958135742723682,7490.726363636363,20599.4975,18040.71,36228.22,0.2119,15.173636363636364,false,Insufficient sample
feat_001,IND_007,11,4,4,0.36363636363636365,0.0011,146512.84,146512.84,0.0021262902514636046,13319.34909090909,36628.21,36889.25,67061.69,0.2119,15.173636363636364,false,Insufficient sample
feat_001,IND_156,53,19,20,0.3584905660377358,0.0053,767365.22,767365.22,0.011136506442699659,14478.589056603774,38368.261,38733.68,64991.56,0.2119,14.659056603773582,false,Insufficient sample
feat_001,IND_004,17,6,6,0.35294117647058826,0.0017,379960.99,379960.99,0.00551424263548137,22350.646470588235,63326.831666666665,61300.20,123486.60,0.2119,14.104117647058825,false,Insufficient sample
feat_001,IND_120,27,9,9,0.3333333333333333,0.0027,280624.62,280624.62,0.004072608201620271,10393.504444444445,31180.513333333332,31927.33,60157.20,0.2119,12.14333333333333,false,Insufficient sample
feat_001,IND_198,27,9,9,0.3333333333333333,0.0027,70454.20,71559.82,0.0010385229558207342,2609.4148148148147,7951.091111111111,2349.22,28144.77,0.2119,12.14333333333333,false,Insufficient sample
feat_001,IND_014,18,6,6,0.3333333333333333,0.0018,171765.15,171765.15,0.002492768306082824,9542.508333333333,28627.525,26827.21,67911.00,0.2119,12.14333333333333,false,Insufficient sample
feat_001,IND_166,9,3,3,0.3333333333333333,0.0009,184922.44,184922.44,0.002683715512229941,20546.937777777777,61640.81333333333,48371.26,106424.29,0.2119,12.14333333333333,false,Insufficient sample
feat_001,IND_138,6,2,2,0.3333333333333333,0.0006,74635.36,74635.36,0.001083157205760783,12439.226666666667,37317.68,37317.68,37317.68,0.2119,12.14333333333333,false,Insufficient sample
feat_001,IND_067,3,1,1,0.3333333333333333,0.0003,47314.29,47314.29,0.000686655951668959,15771.43,47314.29,47314.29,47314.29,0.2119,12.14333333333333,false,Insufficient sample
feat_001,IND_105,3,1,1,0.3333333333333333,0.0003,11194.93,11194.93,0.0001624681531312713,3731.6433333333334,11194.93,11194.93,11194.93,0.2119,12.14333333333333,false,Insufficient sample
feat_001,IND_043,113,36,36,0.3185840707964602,0.0113,1859941.03,1859941.03,0.0269926818727026,16459.655132743363,51665.02861111111,27307.77,440332.44,0.2119,10.668407079646016,true,High risk
feat_001,IND_019,411,129,132,0.31386861313868614,0.0411,6872755.09,6884491.24,0.09991224393642621,16722.031849148418,52155.236666666664,34935.87,220793.49,0.2119,10.196861313868613,true,High risk
feat_001,IND_016,13,4,4,0.3076923076923077,0.0013,184048.88,184048.88,0.002671037837617473,14157.606153846154,46012.22,50305.73,82079.75,0.2119,9.57923076923077,false,Insufficient sample
feat_001,IND_132,33,10,10,0.30303030303030304,0.0033,383884.53,383884.53,0.005571183616580552,11632.864545454546,38388.453,18439.98,158072.74,0.2119,9.113030303030303,false,Insufficient sample
feat_001,IND_175,20,6,6,0.3,0.002,144669.91,144669.91,0.0020995444447948525,7233.4955,24111.65166666667,3820.06,93478.99,0.2119,8.809999999999999,false,Insufficient sample
feat_001,IND_220,10,3,3,0.3,0.001,722536.92,722536.92,0.010485928805410764,72253.692,240845.64,240845.64,240845.64,0.2119,8.809999999999999,false,Insufficient sample
feat_001,IND_184,17,5,7,0.29411764705882354,0.0017,139574.50,139574.50,0.002025596519068956,8210.264705882353,19939.214285714286,10520.40,58222.13,0.2119,8.221764705882354,false,Insufficient sample
feat_001,IND_173,195,57,59,0.2923076923076923,0.0195,1494265.71,1495265.84,0.021700276773957413,7662.901076923077,25343.48881355932,17392.93,215495.72,0.2119,8.040769230769232,true,High risk
feat_001,IND_179,45,13,13,0.28888888888888886,0.0045,427236.96,437970.15,0.006356109542187925,9494.154666666667,33690.01153846154,23822.42,81071.34,0.2119,7.698888888888885,false,Insufficient sample
feat_001,IND_039,21,6,6,0.2857142857142857,0.0021,376868.43,376868.43,0.005469361380158858,17946.115714285716,62811.405,42638.94,202644.83,0.2119,7.381428571428569,false,Insufficient sample
feat_001,IND_223,14,4,4,0.2857142857142857,0.0014,51478.71,51478.71,0.0007470927410247592,3677.050714285714,12869.6775,9949.37,24087.83,0.2119,7.381428571428569,false,Insufficient sample
feat_001,IND_060,7,2,2,0.2857142857142857,0.0007,787.55,14546.48,0.00021110804088645267,112.50714285714285,7273.24,7273.24,7273.24,0.2119,7.381428571428569,false,Insufficient sample
feat_001,IND_205,7,2,2,0.2857142857142857,0.0007,43254.50,43254.50,0.0006277376213711541,6179.214285714285,21627.25,21627.25,21627.25,0.2119,7.381428571428569,false,Insufficient sample
feat_001,IND_218,99,28,29,0.2828282828282828,0.0099,825443.06,826023.75,0.011987797431968487,8337.808686868686,28483.577586206895,24967.48,103178.61,0.2119,7.092828282828282,false,Insufficient sample
feat_001,IND_003,26,7,7,0.2692307692307692,0.0026,248653.90,248653.90,0.00360862818274771,9563.611538461539,35521.985714285714,41160.45,63556.34,0.2119,5.733076923076921,false,Insufficient sample
feat_001,IND_037,26,7,7,0.2692307692307692,0.0026,352939.99,357959.98,0.0051949495749867855,13574.615,51137.14,51696.86,80999.39,0.2119,5.733076923076921,false,Insufficient sample
feat_001,IND_230,26,7,7,0.2692307692307692,0.0026,359212.29,359212.29,0.005213123917555057,13815.857307692308,51316.04142857143,11150.23,157397.59,0.2119,5.733076923076921,false,Insufficient sample
feat_001,IND_157,15,4,4,0.26666666666666666,0.0015,20339.26,20339.26,0.0002951766565987229,1355.9506666666666,5084.815,5084.81,5298.78,0.2119,5.476666666666666,false,Insufficient sample
feat_001,IND_183,965,254,266,0.2632124352331606,0.0965,8014059.88,8099170.63,0.11754046645679206,8304.725264248706,30448.009887218046,19086.82,321281.48,0.2119,5.131243523316062,true,High risk
feat_001,IND_103,80,21,21,0.2625,0.008,456125.76,456125.76,0.0066195956404191455,5701.572,21720.274285714284,19872.00,100207.72,0.2119,5.0600000000000005,false,Insufficient sample
feat_001,IND_077,58,15,18,0.25862068965517243,0.0058,464897.20,465136.66,0.006750367720374141,8015.4689655172415,25840.925555555557,21450.35,49358.85,0.2119,4.6720689655172425,false,Insufficient sample
feat_001,IND_201,31,8,8,0.25806451612903225,0.0031,580034.90,580034.92,0.008417846489798929,18710.803225806452,72504.365,50675.02,149910.06,0.2119,4.616451612903225,false,Insufficient sample
feat_001,IND_126,35,9,11,0.2571428571428571,0.0035,570405.21,570405.21,0.008278093834008338,16297.291714285715,51855.01909090909,21208.50,138141.99,0.2119,4.524285714285711,false,Insufficient sample
feat_001,IND_186,80,20,22,0.25,0.008,1008347.94,1008347.96,0.014633805729458339,12604.34925,45833.998181818184,32030.37,143023.03,0.2119,3.8099999999999996,false,Insufficient sample
feat_001,IND_229,64,16,16,0.25,0.0064,284472.34,284472.34,0.004128448833242466,4444.8803125,17779.52125,15663.80,31246.42,0.2119,3.8099999999999996,false,Insufficient sample
feat_001,IND_013,28,7,7,0.25,0.0028,152653.25,152715.35,0.0022163051371733183,5451.901785714285,21816.47857142857,13805.83,59721.63,0.2119,3.8099999999999996,false,Insufficient sample
feat_001,IND_096,20,5,5,0.25,0.002,56153.89,56153.89,0.0008149420138791904,2807.6945,11230.778,7180.49,33120.00,0.2119,3.8099999999999996,false,Insufficient sample
feat_001,IND_109,12,3,3,0.25,0.0012,100008.78,100008.78,0.001451392887986939,8334.065,33336.26,40143.35,44521.45,0.2119,3.8099999999999996,false,Insufficient sample
feat_001,IND_151,8,2,2,0.25,0.0008,5910.43,5910.43,8.577602953405336e-05,738.80375,2955.215,2955.21,3875.37,0.2119,3.8099999999999996,false,Insufficient sample
feat_001,IND_046,8,2,2,0.25,0.0008,65313.49,65313.49,0.0009478721255834344,8164.18625,32656.745,32656.74,39259.09,0.2119,3.8099999999999996,false,Insufficient sample
feat_001,IND_181,4,1,1,0.25,0.0004,55892.72,55892.72,0.0008111517438593427,13973.18,55892.72,55892.72,55892.72,0.2119,3.8099999999999996,false,Insufficient sample
feat_001,IND_006,118,29,29,0.2457627118644068,0.0118,738450.38,742891.72,0.01078133098866304,6258.05406779661,25616.955862068964,21902.92,166828.62,0.2119,3.3862711864406787,true,Portfolio-like
feat_001,IND_161,95,23,23,0.24210526315789474,0.0095,837162.12,853252.02,0.012382951911707048,8812.232842105263,37097.91391304348,22862.66,253000.00,0.2119,3.0205263157894735,false,Insufficient sample
feat_001,IND_018,240,57,63,0.2375,0.024,1386519.64,1401554.07,0.020340270217546388,5777.165166666667,22246.89,13554.23,80436.65,0.2119,2.5599999999999983,true,Portfolio-like
feat_001,IND_052,17,4,7,0.23529411764705882,0.0017,111093.00,111093.00,0.0016122543451198288,6534.882352941177,15870.42857142857,15198.23,40058.11,0.2119,2.3394117647058814,false,Insufficient sample
feat_001,IND_029,56,13,13,0.23214285714285715,0.0056,645791.08,645791.08,0.009372142932224594,11531.983571428571,49676.236923076925,40823.53,200612.50,0.2119,2.0242857142857145,false,Insufficient sample
feat_001,IND_147,82,19,22,0.23170731707317074,0.0082,737264.40,737264.40,0.010699663636792268,8991.029268292683,33512.01818181818,17477.91,162026.61,0.2119,1.9807317073170738,false,Insufficient sample
feat_001,IND_042,26,6,6,0.23076923076923078,0.0026,290397.67,290397.67,0.0042144411013310835,11169.141153846154,48399.611666666664,26766.52,99666.67,0.2119,1.8869230769230776,false,Insufficient sample
feat_001,IND_129,13,3,3,0.23076923076923078,0.0013,71381.60,71381.60,0.0010359365105056626,5490.892307692307,23793.866666666665,12623.30,48927.35,0.2119,1.8869230769230776,false,Insufficient sample
feat_001,IND_191,226,52,56,0.23008849557522124,0.0226,1555637.43,1556472.04,0.022588541218146272,6883.351460176991,27794.143571428573,18708.46,118590.98,0.2119,1.818849557522123,true,Portfolio-like
feat_001,IND_194,83,19,19,0.2289156626506024,0.0083,777525.17,779697.68,0.01131548317589632,9367.773132530121,41036.72,37250.03,119416.00,0.2119,1.7015662650602392,false,Insufficient sample
feat_001,IND_054,188,43,45,0.22872340425531915,0.0188,915462.21,927478.52,0.01346017547347995,4869.479840425532,20610.633777777777,14777.35,97743.39,0.2119,1.682340425531914,true,Portfolio-like
feat_001,IND_189,127,29,30,0.2283464566929134,0.0127,610571.08,626916.50,0.009098222670666154,4807.646299212598,20897.216666666667,13066.53,157658.78,0.2119,1.6446456692913392,true,Portfolio-like
feat_001,IND_106,88,20,20,0.22727272727272727,0.0088,907344.55,907619.59,0.013171969680298285,10310.733522727272,45380.9795,23387.59,435340.45,0.2119,1.537272727272726,false,Insufficient sample
feat_001,IND_102,22,5,5,0.22727272727272727,0.0022,159210.61,159210.61,0.0023105686025373193,7236.845909090909,31842.122,22129.07,87251.51,0.2119,1.537272727272726,false,Insufficient sample
feat_001,IND_163,9,2,2,0.2222222222222222,0.0009,54313.86,54313.86,0.0007882382939089777,6034.873333333333,27156.93,27156.93,41618.89,0.2119,1.0322222222222206,false,Insufficient sample
feat_001,IND_216,41,9,9,0.21951219512195122,0.0041,106222.35,106222.35,0.0015415682836572894,2590.789024390244,11802.483333333334,14117.57,24302.04,0.2119,0.7612195121951215,false,Insufficient sample
feat_001,IND_208,155,34,39,0.21935483870967742,0.0155,1124783.42,1126626.43,0.016350340319321113,7256.667225806452,28887.85717948718,20958.13,97041.16,0.2119,0.7454838709677419,true,Portfolio-like
feat_001,IND_092,272,59,63,0.21691176470588236,0.0272,1391564.10,1391857.51,0.02019954739079119,5116.044485294117,22092.97634920635,11946.46,107868.33,0.2119,0.5011764705882354,true,Portfolio-like
feat_001,IND_146,47,10,10,0.2127659574468085,0.0047,130912.49,130912.49,0.001899887759201355,2785.3721276595743,13091.249,11157.48,32711.10,0.2119,0.08659574468085074,false,Insufficient sample
feat_001,IND_058,38,8,8,0.21052631578947367,0.0038,264683.92,264683.92,0.003841266327341499,6965.366315789473,33085.49,29044.35,74439.85,0.2119,-0.13736842105263325,false,Insufficient sample
feat_001,IND_012,324,68,69,0.20987654320987653,0.0324,1655189.14,1682852.41,0.024422655884870113,5108.6084567901235,24389.16536231884,19750.52,103308.64,0.2119,-0.20234567901234735,true,Portfolio-like
feat_001,IND_025,43,9,11,0.20930232558139536,0.0043,210742.48,210742.48,0.0030584328362842717,4900.987906976744,19158.407272727272,11049.86,58942.38,0.2119,-0.2597674418604645,false,Insufficient sample
feat_001,IND_015,53,11,11,0.20754716981132076,0.0053,191717.09,191717.09,0.002782323921275231,3617.3035849056605,17428.826363636363,9411.08,50124.69,0.2119,-0.4352830188679241,false,Insufficient sample
feat_001,IND_107,230,47,50,0.20434782608695654,0.023,1653703.61,1658325.13,0.024066699940265404,7190.015695652174,33166.5026,14940.79,124639.96,0.2119,-0.755217391304347,true,Portfolio-like
feat_001,IND_193,54,11,11,0.2037037037037037,0.0054,143022.11,143022.11,0.0020756304924316213,2648.5575925925928,13002.01,12824.17,25372.57,0.2119,-0.8196296296296313,false,Insufficient sample
feat_001,IND_064,882,178,184,0.2018140589569161,0.0882,5104332.50,5134069.93,0.07450898393950613,5787.225056689343,27902.553967391304,17476.10,146953.15,0.2119,-1.0085941043083912,true,Portfolio-like
feat_001,IND_213,30,6,6,0.2,0.003,145318.45,145318.45,0.0021089564818537495,4843.948333333334,24219.741666666665,20791.80,59787.54,0.2119,-1.1899999999999995,false,Insufficient sample
feat_001,IND_209,15,3,3,0.2,0.0015,123857.64,123857.64,0.0017975031574112455,8257.176,41285.88,48353.21,48353.21,0.2119,-1.1899999999999995,false,Insufficient sample
feat_001,IND_001,15,3,3,0.2,0.0015,24687.81,24687.81,0.0003582856610586874,1645.854,8229.27,9490.46,11010.49,0.2119,-1.1899999999999995,false,Insufficient sample
feat_001,IND_148,15,3,3,0.2,0.0015,43694.68,45471.28,0.0006599089839878332,2912.978666666667,15157.093333333334,8331.89,28807.50,0.2119,-1.1899999999999995,false,Insufficient sample
feat_001,IND_167,5,1,1,0.2,0.0005,8223.81,8223.81,0.00011934931459173753,1644.762,8223.81,8223.81,8223.81,0.2119,-1.1899999999999995,false,Insufficient sample
feat_001,IND_035,5,1,1,0.2,0.0005,9159.76,9159.76,0.00013293243372899106,1831.952,9159.76,9159.76,9159.76,0.2119,-1.1899999999999995,false,Insufficient sample
feat_001,IND_027,5,1,1,0.2,0.0005,4156.91,5044.42,7.320792546433499e-05,831.382,5044.42,5044.42,5044.42,0.2119,-1.1899999999999995,false,Insufficient sample
feat_001,IND_219,5,1,1,0.2,0.0005,2093.37,2093.37,3.0380355904003812e-05,418.674,2093.37,2093.37,2093.37,0.2119,-1.1899999999999995,false,Insufficient sample
feat_001,IND_199,117,23,20,0.19658119658119658,0.0117,511492.27,519519.96,0.0075396137730233195,4371.728803418803,25975.998,15577.82,108370.15,0.2119,-1.5318803418803428,true,Portfolio-like
feat_001,IND_022,148,28,28,0.1891891891891892,0.0148,1218318.41,1218318.43,0.017681034651211756,8231.881148648648,43511.3725,29827.37,336680.73,0.2119,-2.2710810810810806,true,Portfolio-like
feat_001,IND_101,139,26,31,0.18705035971223022,0.0139,826659.26,826659.26,0.01199702036913705,5947.188920863309,26666.427741935484,18097.54,67371.77,0.2119,-2.4849640287769788,true,Portfolio-like
feat_001,IND_008,71,13,13,0.18309859154929578,0.0071,376981.15,376981.15,0.005470997246593124,5309.593661971831,28998.55,25099.18,64651.42,0.2119,-2.8801408450704225,false,Insufficient sample
feat_001,IND_005,11,2,2,0.18181818181818182,0.0011,19162.68,19162.68,0.0002781013573685186,1742.0618181818181,9581.34,9581.34,13248.00,0.2119,-3.0081818181818183,false,Insufficient sample
feat_001,IND_048,511,92,98,0.18003913894324852,0.0511,2805394.40,2816745.31,0.040878451973962344,5490.008610567515,28742.299081632653,19841.47,100836.86,0.2119,-3.186086105675148,true,Portfolio-like
feat_001,IND_094,17,3,3,0.17647058823529413,0.0017,123192.17,123192.17,0.0017878454211088062,7246.598235294117,41064.056666666664,27265.76,68660.65,0.2119,-3.5429411764705874,false,Insufficient sample
feat_001,IND_211,53,9,9,0.16981132075471697,0.0053,295601.11,301100.86,0.004369772801655525,5577.379433962265,33455.65111111111,24696.26,60397.14,0.2119,-4.208867924528303,false,Insufficient sample
feat_001,IND_055,65,11,12,0.16923076923076924,0.0065,572624.78,574637.67,0.008339518064387805,8809.612,47886.4725,20426.57,195976.34,0.2119,-4.266923076923076,false,Insufficient sample
feat_001,IND_170,36,6,6,0.16666666666666666,0.0036,137953.55,137953.55,0.0020020722314835816,3832.0430555555554,22992.258333333335,25759.47,44204.49,0.2119,-4.523333333333335,false,Insufficient sample
feat_001,IND_128,6,1,1,0.16666666666666666,0.0006,16758.22,16758.22,0.0002432062597236011,2793.036666666667,16758.22,16758.22,16758.22,0.2119,-4.523333333333335,false,Insufficient sample
feat_001,IND_158,6,1,1,0.16666666666666666,0.0006,1930.73,1930.73,2.8020017748671896e-05,321.78833333333336,1930.73,1930.73,1930.73,0.2119,-4.523333333333335,false,Insufficient sample
feat_001,IND_149,6,1,1,0.16666666666666666,0.0006,12205.53,12205.53,0.00017713464193954995,2034.255,12205.53,12205.53,12205.53,0.2119,-4.523333333333335,false,Insufficient sample
feat_001,IND_206,6,1,2,0.16666666666666666,0.0006,27491.42,27491.42,0.00039897348481465224,4581.903333333334,13745.71,13745.71,16070.74,0.2119,-4.523333333333335,false,Insufficient sample
feat_001,IND_098,6,1,1,0.16666666666666666,0.0006,2409.24,2409.24,3.496446813423434e-05,401.54,2409.24,2409.24,2409.24,0.2119,-4.523333333333335,false,Insufficient sample
feat_001,IND_200,6,1,1,0.16666666666666666,0.0006,33551.83,33551.83,0.00048692612229593065,5591.971666666666,33551.83,33551.83,33551.83,0.2119,-4.523333333333335,false,Insufficient sample
feat_001,IND_095,67,11,17,0.16417910447761194,0.0067,400061.11,400061.11,0.005805948735842598,5971.061343283582,23533.006470588236,12582.80,93949.15,0.2119,-4.772089552238806,false,Insufficient sample
feat_001,IND_140,43,7,9,0.16279069767441862,0.0043,226631.10,226631.10,0.0032890188915078934,5270.490697674419,25181.233333333334,17354.88,56730.88,0.2119,-4.9109302325581385,false,Insufficient sample
feat_001,IND_038,127,20,20,0.15748031496062992,0.0127,384512.33,391826.56,0.005686443555339718,3027.6561417322837,19591.328,12565.41,64611.36,0.2119,-5.441968503937009,true,Low risk
feat_001,IND_232,113,17,17,0.1504424778761062,0.0113,327543.13,329383.17,0.0047802241999211756,2898.6117699115043,19375.480588235296,11605.84,57677.67,0.2119,-6.14575221238938,true,Low risk
feat_001,IND_150,201,29,33,0.14427860696517414,0.0201,816819.35,817837.45,0.011868992487053375,4063.7778606965176,24782.95303030303,18520.23,92742.94,0.2119,-6.762139303482587,true,Low risk
feat_001,IND_104,14,2,2,0.14285714285714285,0.0014,20316.92,20316.92,0.00029485244389342214,1451.2085714285715,10158.46,10158.46,10158.46,0.2119,-6.904285714285716,false,Insufficient sample
feat_001,IND_030,7,1,1,0.14285714285714285,0.0007,7870.32,7870.32,0.00011421923629286715,1124.3314285714287,7870.32,7870.32,7870.32,0.2119,-6.904285714285716,false,Insufficient sample
feat_001,IND_078,7,1,1,0.14285714285714285,0.0007,1.27,1.27,1.843107142936263e-08,0.18142857142857144,1.27,1.27,1.27,0.2119,-6.904285714285716,false,Insufficient sample
feat_001,IND_099,7,1,1,0.14285714285714285,0.0007,7399.84,7399.84,0.00010739132252429509,1057.12,7399.84,7399.84,7399.84,0.2119,-6.904285714285716,false,Insufficient sample
feat_001,IND_045,7,1,1,0.14285714285714285,0.0007,11695.81,11695.81,0.0001697372516017746,1670.83,11695.81,11695.81,11695.81,0.2119,-6.904285714285716,false,Insufficient sample
feat_001,IND_165,198,28,32,0.1414141414141414,0.0198,1079616.30,1080744.18,0.015684467069644048,5452.607575757575,33773.255625,23138.50,111677.36,0.2119,-7.048585858585859,true,Low risk
feat_001,IND_171,114,16,14,0.14035087719298245,0.0114,237472.27,239444.79,0.0034749795495108145,2083.090087719298,17103.199285714287,20313.60,27307.84,0.2119,-7.1549122807017556,true,Low risk
feat_001,IND_062,43,6,6,0.13953488372093023,0.0043,406188.56,409100.62,0.005937136022847667,9446.24558139535,68183.43666666666,62352.67,97337.27,0.2119,-7.236511627906977,false,Insufficient sample
feat_001,IND_040,15,2,4,0.13333333333333333,0.0015,58166.29,58166.29,0.0008441472801346624,3877.7526666666668,14541.5725,12269.70,33506.11,0.2119,-7.856666666666667,false,Insufficient sample
feat_001,IND_021,39,5,5,0.1282051282051282,0.0039,137237.39,137237.39,0.001991678848715982,3518.907435897436,27447.478,30356.61,50082.08,0.2119,-8.369487179487182,false,Insufficient sample
feat_001,IND_160,49,6,6,0.12244897959183673,0.0049,453740.02,453740.02,0.0065849722196696285,9260.000408163265,75623.33666666667,77096.63,193464.96,0.2119,-8.945102040816327,false,Insufficient sample
feat_001,IND_217,60,7,10,0.11666666666666667,0.006,270166.73,270166.73,0.003920836455486084,4502.778833333334,27016.673,14305.78,77500.58,0.2119,-9.523333333333333,false,Insufficient sample
feat_001,IND_187,64,7,8,0.109375,0.0064,259981.09,259981.09,0.0037730157795854754,4062.20453125,32497.63625,17082.04,116747.98,0.2119,-10.252500000000001,false,Insufficient sample
feat_001,IND_090,30,3,3,0.1,0.003,165704.66,165704.66,0.002404814507589172,5523.488666666667,55234.886666666665,74569.88,77125.90,0.2119,-11.19,false,Insufficient sample
feat_001,IND_071,10,1,1,0.1,0.001,5847.23,5847.23,8.485882975898585e-05,584.723,5847.23,5847.23,5847.23,0.2119,-11.19,false,Insufficient sample
feat_001,IND_185,74,7,7,0.0945945945945946,0.0074,86057.06,86057.06,0.0012489163935912955,1162.9332432432432,12293.865714285714,15339.23,28123.74,0.2119,-11.73054054054054,false,Insufficient sample
feat_001,IND_020,407,37,39,0.09090909090909091,0.0407,1240471.21,1286417.36,0.018669330905615827,3047.840810810811,32985.06051282051,18385.78,121150.05,0.2119,-12.09909090909091,true,Low risk
feat_001,IND_084,11,1,1,0.09090909090909091,0.0011,47169.32,47169.32,0.0006845520521216246,4288.12,47169.32,47169.32,47169.32,0.2119,-12.09909090909091,false,Insufficient sample
feat_001,IND_212,24,2,2,0.08333333333333333,0.0024,18642.08,18642.08,0.00027054606934794685,776.7533333333333,9321.04,9321.04,9321.04,0.2119,-12.856666666666666,false,Insufficient sample
feat_001,IND_127,13,1,1,0.07692307692307693,0.0013,20511.40,20511.40,0.0002976748649734084,1577.8,20511.4,20511.40,20511.40,0.2119,-13.497692307692308,false,Insufficient sample
feat_001,IND_231,18,1,3,0.05555555555555555,0.0018,72800.71,73490.01,0.0010665351367358847,4044.483888888889,24496.67,33844.74,33844.74,0.2119,-15.634444444444446,false,Insufficient sample
feat_001,IND_116,23,1,1,0.043478260869565216,0.0023,75964.11,80053.03,0.0011617819795802435,3302.7873913043477,80053.03,80053.03,80053.03,0.2119,-16.842173913043478,false,Insufficient sample
feat_001,IND_111,42,1,1,0.023809523809523808,0.0042,5494.35,5494.35,7.973760417946343e-05,130.81785714285715,5494.35,5494.35,5494.35,0.2119,-18.809047619047618,false,Insufficient sample
feat_001,IND_137,43,1,1,0.023255813953488372,0.0043,26522.57,27697.04,0.00040195757686764874,616.8039534883721,27697.04,27697.04,27697.04,0.2119,-18.864418604651163,false,Insufficient sample
feat_001,IND_135,35,0,0,0.0,0.0035,0.00,0.00,0.0,0.0,,,,0.2119,-21.19,false,Insufficient sample
feat_001,IND_100,33,0,1,0.0,0.0033,16997.63,20185.17,0.00029294040164080915,515.079696969697,20185.17,20185.17,20185.17,0.2119,-21.19,false,Insufficient sample
feat_001,IND_069,18,0,0,0.0,0.0018,0.00,0.00,0.0,0.0,,,,0.2119,-21.19,false,Insufficient sample
feat_001,IND_178,15,0,0,0.0,0.0015,0.00,0.00,0.0,0.0,,,,0.2119,-21.19,false,Insufficient sample
feat_001,IND_087,14,0,0,0.0,0.0014,-88.01,0.00,0.0,-6.286428571428571,,,,0.2119,-21.19,false,Insufficient sample
feat_001,IND_143,13,0,0,0.0,0.0013,-4536.92,0.00,0.0,-348.99384615384616,,,,0.2119,-21.19,false,Insufficient sample
feat_001,IND_083,12,0,0,0.0,0.0012,0.00,0.00,0.0,0.0,,,,0.2119,-21.19,false,Insufficient sample
feat_001,IND_115,11,0,2,0.0,0.0011,16420.78,16420.78,0.00023830910953216475,1492.7981818181818,8210.39,8210.39,8210.39,0.2119,-21.19,false,Insufficient sample
feat_001,IND_196,11,0,0,0.0,0.0011,0.00,0.00,0.0,0.0,,,,0.2119,-21.19,false,Insufficient sample
feat_001,IND_066,10,0,0,0.0,0.001,0.00,0.00,0.0,0.0,,,,0.2119,-21.19,false,Insufficient sample
feat_001,IND_207,10,0,0,0.0,0.001,0.00,0.00,0.0,0.0,,,,0.2119,-21.19,false,Insufficient sample
feat_001,IND_024,10,0,0,0.0,0.001,0.00,0.00,0.0,0.0,,,,0.2119,-21.19,false,Insufficient sample
feat_001,IND_121,9,0,0,0.0,0.0009,0.00,0.00,0.0,0.0,,,,0.2119,-21.19,false,Insufficient sample
feat_001,IND_180,8,0,3,0.0,0.0008,3320.07,3320.07,4.818302938620786e-05,415.00875,1106.69,1106.69,1106.69,0.2119,-21.19,false,Insufficient sample
feat_001,IND_224,8,0,0,0.0,0.0008,0.00,0.00,0.0,0.0,,,,0.2119,-21.19,false,Insufficient sample
feat_001,IND_053,8,0,0,0.0,0.0008,0.00,0.00,0.0,0.0,,,,0.2119,-21.19,false,Insufficient sample
feat_001,IND_002,8,0,0,0.0,0.0008,0.00,0.00,0.0,0.0,,,,0.2119,-21.19,false,Insufficient sample
feat_001,IND_061,7,0,0,0.0,0.0007,0.00,0.00,0.0,0.0,,,,0.2119,-21.19,false,Insufficient sample
feat_001,IND_182,7,0,1,0.0,0.0007,4653.36,4653.36,6.753260672955817e-05,664.7657142857142,4653.36,4653.36,4653.36,0.2119,-21.19,false,Insufficient sample
feat_001,IND_034,7,0,0,0.0,0.0007,0.00,0.00,0.0,0.0,,,,0.2119,-21.19,false,Insufficient sample
feat_001,IND_110,7,0,0,0.0,0.0007,0.00,0.00,0.0,0.0,,,,0.2119,-21.19,false,Insufficient sample
feat_001,IND_197,6,0,0,0.0,0.0006,0.00,0.00,0.0,0.0,,,,0.2119,-21.19,false,Insufficient sample
feat_001,IND_152,6,0,0,0.0,0.0006,0.00,0.00,0.0,0.0,,,,0.2119,-21.19,false,Insufficient sample
feat_001,IND_085,6,0,0,0.0,0.0006,0.00,0.00,0.0,0.0,,,,0.2119,-21.19,false,Insufficient sample
feat_001,IND_117,5,0,0,0.0,0.0005,-0.06,0.00,0.0,-0.012,,,,0.2119,-21.19,false,Insufficient sample
feat_001,IND_153,5,0,0,0.0,0.0005,0.00,0.00,0.0,0.0,,,,0.2119,-21.19,false,Insufficient sample
feat_001,IND_082,5,0,0,0.0,0.0005,0.00,0.00,0.0,0.0,,,,0.2119,-21.19,false,Insufficient sample
feat_001,IND_057,5,0,0,0.0,0.0005,-4982.80,0.00,0.0,-996.56,,,,0.2119,-21.19,false,Insufficient sample
feat_001,IND_009,5,0,0,0.0,0.0005,0.00,0.00,0.0,0.0,,,,0.2119,-21.19,false,Insufficient sample
feat_001,IND_059,4,0,0,0.0,0.0004,0.00,0.00,0.0,0.0,,,,0.2119,-21.19,false,Insufficient sample
feat_001,IND_032,4,0,0,0.0,0.0004,0.00,0.00,0.0,0.0,,,,0.2119,-21.19,false,Insufficient sample
feat_001,IND_119,4,0,0,0.0,0.0004,0.00,0.00,0.0,0.0,,,,0.2119,-21.19,false,Insufficient sample
feat_001,IND_139,4,0,0,0.0,0.0004,0.00,0.00,0.0,0.0,,,,0.2119,-21.19,false,Insufficient sample
feat_001,IND_065,4,0,0,0.0,0.0004,0.00,0.00,0.0,0.0,,,,0.2119,-21.19,false,Insufficient sample
feat_001,IND_214,3,0,0,0.0,0.0003,0.00,0.00,0.0,0.0,,,,0.2119,-21.19,false,Insufficient sample
feat_001,IND_089,3,0,0,0.0,0.0003,0.00,0.00,0.0,0.0,,,,0.2119,-21.19,false,Insufficient sample
feat_001,IND_159,3,0,0,0.0,0.0003,0.00,0.00,0.0,0.0,,,,0.2119,-21.19,false,Insufficient sample
feat_001,IND_125,3,0,0,0.0,0.0003,-2093.18,0.00,0.0,-697.7266666666667,,,,0.2119,-21.19,false,Insufficient sample
feat_001,IND_155,3,0,0,0.0,0.0003,0.00,0.00,0.0,0.0,,,,0.2119,-21.19,false,Insufficient sample
feat_001,IND_118,3,0,0,0.0,0.0003,0.00,0.00,0.0,0.0,,,,0.2119,-21.19,false,Insufficient sample
feat_001,IND_162,3,0,3,0.0,0.0003,55200.00,55200.00,0.0008010985377171788,18400.0,18400.0,18400.00,18400.00,0.2119,-21.19,false,Insufficient sample
feat_001,IND_051,3,0,0,0.0,0.0003,0.00,0.00,0.0,0.0,,,,0.2119,-21.19,false,Insufficient sample
feat_001,IND_044,2,0,0,0.0,0.0002,0.00,0.00,0.0,0.0,,,,0.2119,-21.19,false,Insufficient sample
feat_001,IND_050,2,0,0,0.0,0.0002,0.00,0.00,0.0,0.0,,,,0.2119,-21.19,false,Insufficient sample
feat_001,IND_202,2,0,0,0.0,0.0002,0.00,0.00,0.0,0.0,,,,0.2119,-21.19,false,Insufficient sample
feat_001,IND_081,2,0,0,0.0,0.0002,0.00,0.00,0.0,0.0,,,,0.2119,-21.19,false,Insufficient sample
feat_001,IND_133,2,0,0,0.0,0.0002,0.00,0.00,0.0,0.0,,,,0.2119,-21.19,false,Insufficient sample
feat_001,IND_154,2,0,0,0.0,0.0002,0.00,0.00,0.0,0.0,,,,0.2119,-21.19,false,Insufficient sample
feat_001,IND_063,2,0,0,0.0,0.0002,0.00,0.00,0.0,0.0,,,,0.2119,-21.19,false,Insufficient sample
feat_001,IND_204,2,0,0,0.0,0.0002,0.00,0.00,0.0,0.0,,,,0.2119,-21.19,false,Insufficient sample
feat_001,IND_072,2,0,0,0.0,0.0002,0.00,0.00,0.0,0.0,,,,0.2119,-21.19,false,Insufficient sample
feat_001,IND_041,2,0,0,0.0,0.0002,0.00,0.00,0.0,0.0,,,,0.2119,-21.19,false,Insufficient sample
feat_001,IND_195,2,0,0,0.0,0.0002,0.00,0.00,0.0,0.0,,,,0.2119,-21.19,false,Insufficient sample
feat_001,IND_226,2,0,0,0.0,0.0002,0.00,0.00,0.0,0.0,,,,0.2119,-21.19,false,Insufficient sample
feat_001,IND_221,2,0,0,0.0,0.0002,0.00,0.00,0.0,0.0,,,,0.2119,-21.19,false,Insufficient sample
feat_001,IND_108,2,0,0,0.0,0.0002,0.00,0.00,0.0,0.0,,,,0.2119,-21.19,false,Insufficient sample
feat_001,IND_112,1,0,0,0.0,0.0001,0.00,0.00,0.0,0.0,,,,0.2119,-21.19,false,Insufficient sample
feat_001,IND_136,1,0,0,0.0,0.0001,0.00,0.00,0.0,0.0,,,,0.2119,-21.19,false,Insufficient sample
feat_001,IND_023,1,0,0,0.0,0.0001,0.00,0.00,0.0,0.0,,,,0.2119,-21.19,false,Insufficient sample
feat_001,IND_033,1,0,0,0.0,0.0001,0.00,0.00,0.0,0.0,,,,0.2119,-21.19,false,Insufficient sample
feat_001,IND_047,1,0,0,0.0,0.0001,0.00,0.00,0.0,0.0,,,,0.2119,-21.19,false,Insufficient sample
feat_001,IND_192,1,0,0,0.0,0.0001,0.00,0.00,0.0,0.0,,,,0.2119,-21.19,false,Insufficient sample
feat_001,IND_177,1,0,0,0.0,0.0001,0.00,0.00,0.0,0.0,,,,0.2119,-21.19,false,Insufficient sample
feat_001,IND_074,1,0,0,0.0,0.0001,0.00,0.00,0.0,0.0,,,,0.2119,-21.19,false,Insufficient sample
feat_001,IND_097,1,0,0,0.0,0.0001,0.00,0.00,0.0,0.0,,,,0.2119,-21.19,false,Insufficient sample
feat_001,IND_080,1,0,0,0.0,0.0001,0.00,0.00,0.0,0.0,,,,0.2119,-21.19,false,Insufficient sample
feat_001,IND_028,1,0,0,0.0,0.0001,0.00,0.00,0.0,0.0,,,,0.2119,-21.19,false,Insufficient sample
feat_001,IND_031,1,0,0,0.0,0.0001,0.00,0.00,0.0,0.0,,,,0.2119,-21.19,false,Insufficient sample
feat_001,IND_124,1,0,0,0.0,0.0001,0.00,0.00,0.0,0.0,,,,0.2119,-21.19,false,Insufficient sample
feat_001,IND_026,1,0,0,0.0,0.0001,0.00,0.00,0.0,0.0,,,,0.2119,-21.19,false,Insufficient sample
feat_001,IND_176,1,0,0,0.0,0.0001,0.00,0.00,0.0,0.0,,,,0.2119,-21.19,false,Insufficient sample
feat_001,IND_144,1,0,0,0.0,0.0001,0.00,0.00,0.0,0.0,,,,0.2119,-21.19,false,Insufficient sample
feat_003,ST_55,38,16,16,0.42105263157894735,0.0038,481123.28,481123.28,0.006982376015755304,12661.138947368421,30070.205,14809.39,70872.90,0.2119,20.915263157894735,false,Insufficient sample
feat_003,ST_35,23,9,9,0.391304347826087,0.0023,201426.99,205868.31,0.0029876956902772983,8757.695217391305,22874.256666666668,25934.19,43200.51,0.2119,17.940434782608698,false,Insufficient sample
feat_003,ST_43,100,35,37,0.35,0.01,789615.29,817296.23,0.011861137948093533,7896.1529,22089.087297297297,16069.16,124639.96,0.2119,13.809999999999997,true,High risk
feat_003,ST_24,49,16,15,0.32653061224489793,0.0049,272261.53,272261.53,0.003951237564486265,5556.357755102041,18150.768666666667,10158.46,44033.24,0.2119,11.463061224489794,false,Insufficient sample
feat_003,ST_45,22,7,7,0.3181818181818182,0.0022,284679.57,284679.57,0.004131456290669479,12939.980454545455,40668.51,47169.32,62127.49,0.2119,10.628181818181817,false,Insufficient sample
feat_003,ST_47,119,34,35,0.2857142857142857,0.0119,707009.62,707009.68,0.01026058733333135,5941.257310924369,20200.27657142857,10298.30,97743.39,0.2119,7.381428571428569,true,High risk
feat_003,ST_15,88,25,25,0.2840909090909091,0.0088,698564.76,698564.76,0.010138029125665797,7938.235909090909,27942.5904,25148.07,60397.14,0.2119,7.2190909090909114,false,Insufficient sample
feat_003,ST_16,30,8,8,0.26666666666666666,0.003,176907.41,176907.41,0.0025673961496799533,5896.913666666666,22113.42625,25393.20,35448.43,0.2119,5.476666666666666,false,Insufficient sample
feat_003,ST_44,254,67,68,0.2637795275590551,0.0254,2736124.46,2736124.46,0.03970842941880807,10772.143543307087,40237.12441176471,18160.45,440332.44,0.2119,5.187952755905509,true,High risk
feat_003,ST_19,139,36,38,0.2589928057553957,0.0139,1576774.75,1576939.13,0.022885573027391304,11343.703237410073,41498.398157894735,19472.06,215495.72,0.2119,4.709280575539568,true,Portfolio-like
feat_003,ST_50,475,122,123,0.25684210526315787,0.0475,3369131.45,3404697.89,0.04941120472912616,7092.908315789474,27680.470650406503,19072.21,202644.83,0.2119,4.494210526315786,true,Portfolio-like
feat_003,ST_11,164,42,47,0.25609756097560976,0.0164,1200386.26,1212136.26,0.017591314952898007,7319.428414634146,25790.13319148936,16299.20,124579.24,0.2119,4.419756097560976,true,Portfolio-like
feat_003,ST_18,192,49,51,0.2552083333333333,0.0192,1798148.59,1799148.72,0.0261104240711546,9365.357239583333,35277.42588235294,18723.51,240845.64,0.2119,4.330833333333331,true,Portfolio-like
feat_003,ST_51,102,26,26,0.2549019607843137,0.0102,874505.89,874505.93,0.01269140256789858,8573.587156862744,33634.84346153846,17716.28,123486.60,0.2119,4.30019607843137,true,Portfolio-like
feat_003,ST_09,64,16,16,0.25,0.0064,636024.26,636024.28,0.009230400736605462,9937.8790625,39751.5175,17255.03,321281.48,0.2119,3.8099999999999996,false,Insufficient sample
feat_003,ST_01,28,7,7,0.25,0.0028,262959.59,262959.59,0.0038162417215164657,9391.413928571428,37565.65571428571,21374.84,67371.77,0.2119,3.8099999999999996,false,Insufficient sample
feat_003,ST_13,78,19,19,0.24358974358974358,0.0078,774918.73,774918.73,0.011246127924866907,9934.855512820513,40785.19631578947,20620.70,167469.66,0.2119,3.168974358974358,false,Insufficient sample
feat_003,ST_26,202,49,47,0.24257425742574257,0.0202,1539720.19,1540211.29,0.022352554568740756,7622.377178217822,32770.452978723406,22723.83,112140.42,0.2119,3.0674257425742564,true,Portfolio-like
feat_003,ST_03,296,71,73,0.23986486486486486,0.0296,2090423.59,2091420.39,0.030352061887334993,7062.241858108108,28649.594383561645,15232.83,184012.27,0.2119,2.796486486486485,true,Portfolio-like
feat_003,ST_41,301,70,74,0.23255813953488372,0.0301,1922892.35,1930503.81,0.02801673513131236,6388.346677740864,26087.889324324326,16355.76,152232.93,0.2119,2.0658139534883713,true,Portfolio-like
feat_003,ST_04,39,9,9,0.23076923076923078,0.0039,80233.19,80233.19,0.0011643965794453728,2057.2612820512823,8914.798888888889,5888.92,21805.01,0.2119,1.8869230769230776,false,Insufficient sample
feat_003,ST_12,13,3,3,0.23076923076923078,0.0013,288839.58,288839.58,0.00419182907921819,22218.42923076923,96279.86,96279.86,96279.86,0.2119,1.8869230769230776,false,Insufficient sample
feat_003,ST_32,1346,309,332,0.22956909361069835,0.1346,12866605.03,12955893.36,0.1880244062593425,9559.141924219912,39023.77518072289,25648.77,435340.45,0.2119,1.766909361069835,true,Portfolio-like
feat_003,ST_22,155,33,33,0.2129032258064516,0.0155,801478.27,816948.79,0.01185609567135541,5170.827548387097,24756.02393939394,21979.11,77982.90,0.2119,0.10032258064515964,true,Portfolio-like
feat_003,ST_07,982,203,231,0.20672097759674135,0.0982,7320969.77,7375123.91,0.10703262644536236,7455.162698574338,31926.943333333333,21208.50,253000.00,0.2119,-0.5179022403258654,true,Portfolio-like
feat_003,ST_39,329,68,71,0.2066869300911854,0.0329,2477903.09,2481532.34,0.036013621899853056,7531.620334346505,34951.15971830986,19957.74,148062.50,0.2119,-0.5213069908814594,true,Portfolio-like
feat_003,ST_02,63,13,12,0.20634920634920634,0.0063,288554.05,288701.51,0.004189825316988071,4580.223015873016,24058.459166666667,11709.39,57832.27,0.2119,-0.5550793650793667,false,Insufficient sample
feat_003,ST_42,168,34,36,0.20238095238095238,0.0168,1346660.43,1346660.51,0.01954361893772591,8015.835892857142,37407.23638888889,22969.68,111677.36,0.2119,-0.9519047619047621,true,Portfolio-like
feat_003,ST_46,1330,269,279,0.20225563909774436,0.133,7666380.28,7717933.12,0.11200769812737289,5764.19569924812,27662.842724014336,18797.99,193464.96,0.2119,-0.964436090225565,true,Portfolio-like
feat_003,ST_30,30,6,6,0.2,0.003,131887.60,131887.60,0.0019140391938954383,4396.253333333333,21981.266666666666,26578.52,32689.05,0.2119,-1.1899999999999995,false,Insufficient sample
feat_003,ST_17,131,26,29,0.1984732824427481,0.0131,1056079.71,1056079.75,0.015326520714451517,8061.677175572519,36416.543103448275,23444.97,154255.09,0.2119,-1.3426717557251915,true,Portfolio-like
feat_003,ST_06,570,112,116,0.19649122807017544,0.057,3774976.30,3787213.92,0.05496252777779247,6622.765438596492,32648.395862068966,19980.96,158072.74,0.2119,-1.5408771929824567,true,Portfolio-like
feat_003,ST_20,83,16,18,0.1927710843373494,0.0083,458513.06,461456.14,0.006696953604612568,5524.253734939759,25636.452222222222,18753.70,113141.97,0.2119,-1.9128915662650599,false,Insufficient sample
feat_003,ST_27,267,51,48,0.19101123595505617,0.0267,1312468.81,1316248.14,0.019102254714256455,4915.613520599251,27421.83625,18234.88,148533.30,0.2119,-2.088876404494383,true,Portfolio-like
feat_003,ST_31,43,8,9,0.18604651162790697,0.0043,131661.04,132766.66,0.0019267966881085844,3061.8846511627908,14751.851111111111,10174.02,34371.14,0.2119,-2.585348837209303,false,Insufficient sample
feat_003,ST_37,134,23,26,0.17164179104477612,0.0134,800961.03,805346.40,0.011687714191952794,5977.3211194029855,30974.861538461537,26766.52,107467.59,0.2119,-4.025820895522389,true,Portfolio-like
feat_003,ST_49,251,42,45,0.16733067729083664,0.0251,970273.31,979661.10,0.01421748323674643,3865.6307171314743,21770.246666666666,17061.86,75882.35,0.2119,-4.456932270916337,true,Portfolio-like
feat_003,ST_53,12,2,2,0.16666666666666666,0.0012,46790.98,51773.74,0.0007513744095316922,3899.2483333333334,25886.87,25886.87,25886.87,0.2119,-4.523333333333335,false,Insufficient sample
feat_003,ST_52,115,19,19,0.16521739130434782,0.0115,569137.86,590560.36,0.008570598565755991,4949.024869565217,31082.124210526315,15339.23,116287.94,0.2119,-4.668260869565219,true,Portfolio-like
feat_003,ST_23,93,15,18,0.16129032258064516,0.0093,347800.37,347800.37,0.0050475066634872055,3739.7889247311828,19322.242777777778,22316.11,39776.33,0.2119,-5.060967741935485,false,Insufficient sample
feat_003,ST_25,194,31,38,0.15979381443298968,0.0194,865254.04,865255.36,0.012557152239999115,4460.072371134021,22769.87789473684,17926.86,72779.25,0.2119,-5.210618556701033,true,Low risk
feat_003,ST_48,13,2,2,0.15384615384615385,0.0013,16663.78,16663.78,0.0002418356846166806,1281.8292307692307,8331.89,8331.89,8331.89,0.2119,-5.805384615384615,false,Insufficient sample
feat_003,ST_34,48,7,7,0.14583333333333334,0.0048,414387.94,414901.13,0.0060213168213805275,8633.082083333333,59271.59,16516.06,336680.73,0.2119,-6.6066666666666665,false,Insufficient sample
feat_003,ST_14,110,16,16,0.14545454545454545,0.011,431931.81,431931.81,0.006268477198995186,3926.652818181818,26995.738125,13095.35,64501.27,0.2119,-6.644545454545455,true,Low risk
feat_003,ST_54,36,5,5,0.1388888888888889,0.0036,56641.96,56641.96,0.0008220252052433864,1573.3877777777777,11328.392,13614.10,15578.93,0.2119,-7.301111111111111,false,Insufficient sample
feat_003,ST_40,65,9,10,0.13846153846153847,0.0065,212158.94,219224.54,0.0031815300439442242,3263.9836923076923,21922.454,17553.76,81071.34,0.2119,-7.343846153846154,false,Insufficient sample
feat_003,ST_21,30,4,4,0.13333333333333333,0.003,110497.16,110497.16,0.0016036071249619771,3683.2386666666666,27624.29,8235.68,90423.75,0.2119,-7.856666666666667,false,Insufficient sample
feat_003,ST_08,444,56,64,0.12612612612612611,0.0444,1276327.62,1279416.83,0.018567734631227326,2874.6117567567567,19990.88796875,12232.43,80999.39,0.2119,-8.57738738738739,true,Low risk
feat_003,ST_33,67,4,3,0.05970149253731343,0.0067,14886.70,14886.74,0.00021604611676405498,222.18955223880596,4962.246666666667,6493.95,6493.95,0.2119,-15.219850746268657,false,Insufficient sample
feat_003,ST_10,30,0,0,0.0,0.003,0.00,0.00,0.0,0.0,,,,0.2119,-21.19,false,Insufficient sample
feat_003,ST_05,25,0,0,0.0,0.0025,-80.60,0.00,0.0,-3.224,,,,0.2119,-21.19,false,Insufficient sample
feat_003,ST_29,12,0,0,0.0,0.0012,0.00,0.00,0.0,0.0,,,,0.2119,-21.19,false,Insufficient sample
feat_003,ST_38,4,0,0,0.0,0.0004,0.00,0.00,0.0,0.0,,,,0.2119,-21.19,false,Insufficient sample
feat_003,ST_28,3,0,0,0.0,0.0003,0.00,0.00,0.0,0.0,,,,0.2119,-21.19,false,Insufficient sample
feat_003,ST_36,1,0,0,0.0,0.0001,0.00,0.00,0.0,0.0,,,,0.2119,-21.19,false,Insufficient sample
feat_004,true,6362,1586,1664,0.2492926752593524,0.6362,50835749.51,51019557.98,0.7404292263180221,7990.529630619302,30660.79205528846,19461.29,435340.45,0.2119,3.739267525935239,true,Portfolio-like
feat_004,false,3638,533,568,0.14650907091808685,0.3638,17694692.16,17885823.07,0.25957077368197795,4863.851610775151,31489.125123239435,18820.72,440332.44,0.2119,-6.539092908191316,true,Low risk
feat_015,false,5860,1367,1409,0.2332764505119454,0.586,44909764.35,45183687.63,0.6557352552366446,7663.782312286689,32067.911731724627,20579.70,440332.44,0.2119,2.1376450511945393,true,Portfolio-like
feat_015,true,4140,752,823,0.18164251207729468,0.414,23620677.32,23721693.42,0.3442647447633555,5705.47761352657,28823.442794653707,17753.15,253000.00,0.2119,-3.025748792270533,true,Portfolio-like
feat_041,A,5307,1197,1248,0.2255511588468061,0.5307,36381274.14,36594496.13,0.5310832851130428,6855.337128321085,29322.512924679486,18084.85,321281.48,0.2119,1.3651158846806095,true,Portfolio-like
feat_041,C,1488,299,326,0.20094086021505375,0.1488,7307071.13,7317573.67,0.1061974196861364,4910.666081989248,22446.545,14965.22,195976.34,0.2119,-1.0959139784946252,true,Portfolio-like
feat_041,B,3165,616,652,0.19462875197472354,0.3165,24788738.75,24937673.93,0.361911849988964,7832.144944707741,38247.96615030675,25899.55,440332.44,0.2119,-1.7271248025276464,true,Portfolio-like
feat_041,D,40,7,6,0.175,0.004,53357.65,55637.32,0.0008074452118569339,1333.94125,9272.886666666667,8287.78,18585.80,0.2119,-3.6900000000000017,false,Insufficient sample
